Product,Date,Invoice_No,Quantity,Weight,Amount,CGST,SGST,Party_Name,Location
BASMATHI RICE  30KG,06-05-25,B,635,10.00,27000.00,0.00,0.00,M/S.YAKKALA VENKATA SUBBA RAO & CO,GUNTUR
17-05-25,B,801,10.00,0.00,0.00,0.00,M/S.YAKKALA VENKATA SUBBA RAO & CO,GUNTUR,20.00
GRAMDALL 30KG,12-05-25,B,737,1.00,2100.00,0.00,0.00,SRI GANAPATHI GENERAL STORES,REPALLE
16-05-25,B,789,1.00,0.00,0.00,0.00,SRI VENKATA NAGAMANI GENERAL MERCHANTS,REPALLE,2.00
GRAMDALL-50KG,01-05-25,B,557,20.00,71500.00,0.00,0.00,SRI LAKSHMI TULASI TRADERS,NEELAPALI
01-05-25,B,558,10.00,0.00,0.00,0.00,LEELA CHANDRA RICE&GENERAL STORES,VIJAYAWADA,TOTALS
01-05-25,B,559,10.00,0.00,0.00,0.00,PUVVADA NAGESWARA RAO,TENALI,TOTALS
02-05-25,B,562,18.00,0.00,0.00,0.00,V C R TRADERS,TENALI,TOTALS
02-05-25,B,563,15.00,0.00,0.00,0.00,SAMI BALAJI AND COMPANY,TENALI,TOTALS
02-05-25,B,564,15.00,0.00,0.00,0.00,SRI VENKATESWARA TRADERS...,TENALI,TOTALS
02-05-25,B,565,10.00,0.00,0.00,0.00,SRI SAI KRISHNA ENTERPRISES,TENALI,TOTALS
02-05-25,B,566,18.00,0.00,0.00,0.00,SRINIVAS OILS AND PROVISIONS,TENALI,TOTALS
02-05-25,B,571,20.00,0.00,0.00,0.00,M/S.YAKKALA VENKATA SUBBA RAO & CO,GUNTUR,TOTALS
02-05-25,B,574,6.00,0.00,0.00,0.00,B KIRAN KUMAR GARU,BAPATLA,TOTALS
02-05-25,B,575,6.00,0.00,0.00,0.00,SRINIVAS GARU,BAPATLA,TOTALS
02-05-25,B,580,10.00,0.00,0.00,0.00,NANDINI SWEETS,REPALLE,TOTALS
02-05-25,B,581,20.00,0.00,0.00,0.00,SRIHAN TRADERS,AMALAPURAM,TOTALS
02-05-25,B,582,10.00,0.00,0.00,0.00,KALYANI TADERS,BHIMAVARAM,TOTALS
02-05-25,B,585,4.00,0.00,0.00,0.00,PADMAVATHI SWEETS,REPALLE,TOTALS
02-05-25,B,587,10.00,0.00,0.00,0.00,NAGA VENKATA SAI DURGA GENERALS TANUKU,TANUKU,TOTALS
03-05-25,B,589,20.00,0.00,0.00,0.00,VENKATA SRINIVASA RICE COMPANY,VIJAYAWADA,TOTALS
03-05-25,B,590,8.00,0.00,0.00,0.00,MAJETY POORNA,GUNTUR,TOTALS
03-05-25,B,591,7.00,0.00,0.00,0.00,MAJETY RAMESH,GUNTUR,TOTALS
03-05-25,B,592,20.00,0.00,0.00,0.00,SRI MADHURI FOODS,GUNTUR,TOTALS
03-05-25,B,593,20.00,0.00,0.00,0.00,M/S.YAKKALA VENKATA SUBBA RAO & CO,GUNTUR,TOTALS
03-05-25,B,598,40.00,0.00,0.00,0.00,SRI LALITHA OIL&OIL GENERAL STORES,ATHILI,TOTALS
03-05-25,B,601,10.00,0.00,0.00,0.00,M/S.YAKKALA VENKATA SUBBA RAO & CO,GUNTUR,TOTALS
03-05-25,B,606,10.00,0.00,0.00,0.00,SRI VENKATARAMANA TRADERS,NANDIVELUGU,TOTALS
03-05-25,B,611,10.00,0.00,0.00,0.00,POORNA TRADERS,VISSANNAPETA,TOTALS
03-05-25,B,613,8.00,0.00,0.00,0.00,SRINIVASA GURU,BAPATLA,TOTALS
03-05-25,B,614,10.00,0.00,0.00,0.00,SRI MANIKANTA DALL TRADERS,VIJAYAWADA,TOTALS
05-05-25,B,620,10.00,0.00,0.00,0.00,SRI VENKATESWAR GENRAL STORES,NUZIVEDU,TOTALS
05-05-25,B,621,10.00,0.00,0.00,0.00,"SRI BALAJI TRADERS,",TENALI,TOTALS
05-05-25,B,619,10.00,0.00,0.00,0.00,KANAKA MARUTHI TRADERS,TENALI,TOTALS
05-05-25,B,627,35.00,0.00,0.00,0.00,GANESH  TRADERS,GOLLAPALLI,TOTALS
05-05-25,B,629,10.00,0.00,0.00,0.00,B.GOVINDA GURU,BAPATLA,TOTALS
05-05-25,B,630,6.00,0.00,0.00,0.00,B NARESH GARU,BAPATLA,TOTALS
05-05-25,B,616,10.00,0.00,0.00,0.00,M/S.YAKKALA VENKATA SUBBA RAO & CO,GUNTUR,TOTALS
05-05-25,B,625,10.00,0.00,0.00,0.00,TANGUTURI HANUMANTH RAO COMPANY,GUDIVADA,TOTALS
06-05-25,B,632,12.00,0.00,0.00,0.00,SRI SAI HANUMAN TRADERS,MYLAVARAM,TOTALS
06-05-25,B,633,10.00,0.00,0.00,0.00,LAKSHMI SRINIVASA TRADERS;,VIJAYAWADA,TOTALS
06-05-25,B,634,20.00,0.00,0.00,0.00,BATHULA  HANUMANTHA RAO,KALIDINDI,TOTALS
06-05-25,B,635,20.00,0.00,0.00,0.00,M/S.YAKKALA VENKATA SUBBA RAO & CO,GUNTUR,TOTALS
06-05-25,B,636,15.00,0.00,0.00,0.00,NAGARAJA KIRANA&GENERAL STORES,KAIKALURU,TOTALS
07-05-25,B,637,30.00,0.00,0.00,0.00,ASHOKA TRADERS,VIJAYAWADA,TOTALS
07-05-25,B,638,10.00,0.00,0.00,0.00,SRI VENKATESWARA TRADERS...,TENALI,TOTALS
07-05-25,B,640,10.00,0.00,0.00,0.00,SRI PADMAVATHI FOOD PACKAGES,ONGOLE,TOTALS
08-05-25,B,648,15.00,0.00,0.00,0.00,V C R TRADERS,TENALI,TOTALS
08-05-25,B,675,10.00,0.00,0.00,0.00,SRI MANIKANTA DALL TRADERS,VIJAYAWADA,TOTALS
08-05-25,B,651,18.00,0.00,0.00,0.00,RADHA KRISHNA KIRANA AND GENERAL STORES,KANKIPADU,TOTALS
08-05-25,B,652,10.00,0.00,0.00,0.00,MATURI VAYU KUMAR TRADERS,NUZIVEDU,TOTALS
08-05-25,B,656,10.00,0.00,0.00,0.00,B VENKATESWARLU,BAPATLA,TOTALS
08-05-25,B,657,5.00,0.00,0.00,0.00,B KIRAN KUMAR GARU,BAPATLA,TOTALS
08-05-25,B,658,10.00,0.00,0.00,0.00,MANASA GENERAL STORES,REPALLE,TOTALS
08-05-25,B,661,8.00,0.00,0.00,0.00,HARSHA GENERAL STORES,PONNUR,TOTALS
08-05-25,B,662,7.00,0.00,0.00,0.00,HARSHA GENERAL STORES,PONNUR,TOTALS
08-05-25,B,666,6.00,0.00,0.00,0.00,M/S.YAKKALA VENKATA SUBBA RAO & CO,GUNTUR,TOTALS
08-05-25,B,667,10.00,0.00,0.00,0.00,SRI LAKSHMI VENKATESWRA TRADERS...,AKIVEDU,TOTALS
08-05-25,B,672,10.00,0.00,0.00,0.00,SRI PURNACHANDRA GENERAL STORES,REPALLE,TOTALS
08-05-25,B,674,10.00,0.00,0.00,0.00,NANDINI SWEETS,REPALLE,TOTALS
09-05-25,B,679,15.00,0.00,0.00,0.00,PADMAVATHI GENERAL STORES,ELURU,TOTALS
09-05-25,B,680,30.00,0.00,0.00,0.00,JAYA VAISHNAV GENERALS,MACHILIPATNAM,TOTALS
09-05-25,B,683,15.00,0.00,0.00,0.00,SUBRAMENYESWARA TRADERS,MACHILIPATNAM,TOTALS
09-05-25,B,685,60.00,0.00,0.00,0.00,JAYA VENKATESWARA ENTERPRISES,VIJAYAWADA,TOTALS
09-05-25,B,690,20.00,0.00,0.00,0.00,VARA MAHALAKSHMI TRADERS,VIJAYAWADA,TOTALS
09-05-25,B,691,10.00,0.00,0.00,0.00,MURALI GENRAL STORES,GUDIVADA,TOTALS
10-05-25,B,699,15.00,0.00,0.00,0.00,V C R TRADERS,TENALI,TOTALS
10-05-25,B,703,20.00,0.00,0.00,0.00,SRI SAI TRADERS.,PAMUR,TOTALS
10-05-25,B,703,20.00,0.00,0.00,0.00,SRI SAI TRADERS.,PAMUR,TOTALS
10-05-25,B,704,10.00,0.00,0.00,0.00,B.GOVINDA GURU,BAPATLA,TOTALS
10-05-25,B,706,6.00,0.00,0.00,0.00,B NANI GARU,BAPATLA,TOTALS
10-05-25,B,708,40.00,0.00,0.00,0.00,M/S.YAKKALA VENKATA SUBBA RAO & CO,GUNTUR,TOTALS
10-05-25,B,710,10.00,0.00,0.00,0.00,MURALI GENRAL STORES,GUDIVADA,TOTALS
10-05-25,B,714,20.00,0.00,0.00,0.00,SAI PRIYA TRADERS,KATTIPUDI,TOTALS
10-05-25,B,716,20.00,0.00,0.00,0.00,VEERABADHARA TRADERS,JAGGAMPETA,TOTALS
12-05-25,B,720,20.00,0.00,0.00,0.00,SRINIVAS OILS AND PROVISIONS,TENALI,TOTALS
12-05-25,B,721,30.00,0.00,0.00,0.00,IMMEDISETTY NAGARAJU,TENALI,TOTALS
12-05-25,B,722,22.00,0.00,0.00,0.00,RADHA KRISHNA KIRANA AND GENERAL STORES,KANKIPADU,TOTALS
12-05-25,B,724,10.00,0.00,0.00,0.00,M POORNA GARU,GUNTUR,TOTALS
12-05-25,B,725,10.00,0.00,0.00,0.00,JAYA VAISHNAV GENERALS,MACHILIPATNAM,TOTALS
13-05-25,B,740,10.00,0.00,0.00,0.00,M/S.YAKKALA VENKATA SUBBA RAO & CO,GUNTUR,TOTALS
13-05-25,B,745,10.00,0.00,0.00,0.00,LEELA CHANDRA RICE&GENERAL STORES,VIJAYAWADA,TOTALS
13-05-25,B,752,10.00,0.00,0.00,0.00,SAI PRIYA OIL & GENERAL MERCHANT,TUNI,TOTALS
13-05-25,B,738,25.00,0.00,0.00,0.00,JAYA VAISHNAV GENERALS,MACHILIPATNAM,TOTALS
13-05-25,B,739,20.00,0.00,0.00,0.00,SRI LAKSHMI ENTERPRISES,VIJAYAWADA,TOTALS
14-05-25,B,754,5.00,0.00,0.00,0.00,M/S.YAKKALA VENKATA SUBBA RAO & CO,GUNTUR,TOTALS
14-05-25,B,756,2.00,0.00,0.00,0.00,D.SATYANARAYANA GURU,REPALLE,TOTALS
14-05-25,B,757,6.00,0.00,0.00,0.00,VIJAYA SWEETS,REPALLE,TOTALS
14-05-25,B,753,15.00,0.00,0.00,0.00,V C R TRADERS,TENALI,TOTALS
14-05-25,B,762,6.00,0.00,0.00,0.00,PADMAVATHI SWEETS,REPALLE,TOTALS
15-05-25,B,771,10.00,0.00,0.00,0.00,SRI MANIKANTA TRADERS,ELURU,TOTALS
15-05-25,B,772,10.00,0.00,0.00,0.00,M/S.YAKKALA VENKATA SUBBA RAO & CO,GUNTUR,TOTALS
15-05-25,B,774,10.00,0.00,0.00,0.00,CHAKKA NANI,KAIKALURU,TOTALS
15-05-25,B,765,50.00,0.00,0.00,0.00,SRINIVAS OILS AND PROVISIONS,TENALI,TOTALS
15-05-25,B,768,20.00,0.00,0.00,0.00,SRI VENKATESWARA TRADERS  ..,PAMUR,TOTALS
16-05-25,B,775,26.00,0.00,0.00,0.00,M/S.YAKKALA VENKATA SUBBA RAO & CO,GUNTUR,TOTALS
16-05-25,B,777,20.00,0.00,0.00,0.00,SRI GANESH TRADERS,JANGAREDDYGUDEM,TOTALS
16-05-25,B,779,10.00,0.00,0.00,0.00,SAMBA MURTHI GARU,TENALI[CHINARAVURU],TOTALS
16-05-25,B,780,10.00,0.00,0.00,0.00,SRINIVAS GARU,TENALI[CHINARAVURU],TOTALS
16-05-25,B,782,20.00,0.00,0.00,0.00,GRANDHI MANIKYALA RAO ENTERPRISES,TADEPALLIGUDEM,TOTALS
16-05-25,B,784,10.00,0.00,0.00,0.00,KALYANI TADERS,BHIMAVARAM,TOTALS
16-05-25,B,786,20.00,0.00,0.00,0.00,LAKSHMI ENTERPRISES,PONNUR,TOTALS
16-05-25,B,787,10.00,0.00,0.00,0.00,B.GOVINDA GURU,BAPATLA,TOTALS
16-05-25,B,783,40.00,0.00,0.00,0.00,SRI BALA BALAJI GENERAL MERCHANTS,TADEPALLIGUDEM,TOTALS
16-05-25,B,788,10.00,0.00,0.00,0.00,B.GOVINDA GURU,BAPATLA,TOTALS
16-05-25,B,777,20.00,0.00,0.00,0.00,SRI GANESH TRADERS,JANGAREDDYGUDEM,TOTALS
17-05-25,B,790,30.00,0.00,0.00,0.00,V C R TRADERS,TENALI,TOTALS
17-05-25,B,793,22.00,0.00,0.00,0.00,M/S.YAKKALA VENKATA SUBBA RAO & CO,GUNTUR,TOTALS
17-05-25,B,798,10.00,0.00,0.00,0.00,MURALI GENRAL STORES,GUDIVADA,TOTALS
17-05-25,B,798,10.00,0.00,0.00,0.00,MURALI GENRAL STORES,GUDIVADA,TOTALS
17-05-25,B,801,75.00,0.00,0.00,0.00,M/S.YAKKALA VENKATA SUBBA RAO & CO,GUNTUR,TOTALS
19-05-25,B,807,10.00,0.00,0.00,0.00,V C R TRADERS,TENALI,TOTALS
19-05-25,B,808,40.00,0.00,0.00,0.00,BHASKARNI ADHISESAIAH AND CO,TENALI,TOTALS
19-05-25,B,808,10.00,0.00,0.00,0.00,BHASKARNI ADHISESAIAH AND CO,TENALI,TOTALS
19-05-25,B,811,10.00,0.00,0.00,0.00,SRI MANIKANTA TRADERS,ELURU,TOTALS
19-05-25,B,813,20.00,0.00,0.00,0.00,NAGARAJA KIRANA&GENERAL STORES,KAIKALURU,TOTALS
19-05-25,B,815,10.00,0.00,0.00,0.00,M/S.YAKKALA VENKATA SUBBA RAO & CO,GUNTUR,TOTALS
19-05-25,B,820,10.00,0.00,0.00,0.00,VENKATA LAKSHMI TRADERS,VIJAYAWADA,TOTALS
20-05-25,B,823,10.00,0.00,0.00,0.00,BHASKARNI ADHISESAIAH AND CO,TENALI,TOTALS
20-05-25,B,824,10.00,0.00,0.00,0.00,DIVYA JYOTHI GENERAL STORES,TENALI,TOTALS
20-05-25,B,825,10.00,0.00,0.00,0.00,KANAKA MARUTHI TRADERS,TENALI,TOTALS
20-05-25,B,835,8.00,0.00,0.00,0.00,B VENKATESWARLU,BAPATLA,TOTALS
20-05-25,B,836,7.00,0.00,0.00,0.00,B VENKATESWARLU,BAPATLA,TOTALS
20-05-25,B,841,10.00,0.00,0.00,0.00,SRI SRI PHANI RAGAVENDRA TRADERS,GUDIVADA,TOTALS
20-05-25,B,842,10.00,0.00,0.00,0.00,SRI SAI RAM GENRAL STORES,HANUMAN JUNCTIN,TOTALS
20-05-25,B,843,10.00,0.00,0.00,0.00,SRI VIJAYA DURGA RICE&GENERAL STORES,SATTUPALLI,TOTALS
20-05-25,B,844,10.00,0.00,0.00,0.00,LEELA CHANDRA RICE&GENERAL STORES,VIJAYAWADA,TOTALS
21-05-25,B,845,10.00,0.00,0.00,0.00,V C R TRADERS,TENALI,TOTALS
21-05-25,B,846,12.00,0.00,0.00,0.00,SRI VENKATESWARA TRADERS...,TENALI,TOTALS
21-05-25,B,852,15.00,0.00,0.00,0.00,SRI VIJAYA DURGA TRADERS,NANDIGAMA,TOTALS
21-05-25,B,855,10.00,0.00,0.00,0.00,NAGARAJA KIRANA&GENERAL STORES,KAIKALURU,TOTALS
21-05-25,B,856,30.00,0.00,0.00,0.00,BATHULA  HANUMANTHA RAO,KALIDINDI,TOTALS
21-05-25,B,858,10.00,0.00,0.00,0.00,MURALI GENRAL STORES,GUDIVADA,TOTALS
21-05-25,B,861,20.00,0.00,0.00,0.00, SRI ANJANEYA TRADERS,CHIRALA,TOTALS
21-05-25,B,868,10.00,0.00,0.00,0.00,SRI SAI BALAJI GENERAL MERCHANTS,BAPATLA,TOTALS
21-05-25,B,870,25.00,0.00,0.00,0.00,KUMAR ENTERPRISES,VIJAYAWADA,TOTALS
21-05-25,B,872,10.00,0.00,0.00,0.00,SRI SRINIVASA TRADERS.....,CHIMAKURTHY,TOTALS
21-05-25,B,875,10.00,0.00,0.00,0.00,SRIRAMA ANNAPURNA RICE AND GENERAL STORES,NUZIVEDU,TOTALS
21-05-25,B,873,2.00,0.00,0.00,0.00,SRI VENKATARAMANA GENERAL STORES NEW,BANTUMILLI,TOTALS
21-05-25,B,876,10.00,0.00,0.00,0.00,SRI BAGAVAN GENRAL STORES,HANUMAN JUNCTIN,TOTALS
22-05-25,B,897,5.00,0.00,0.00,0.00,SRI SEETA RAMACHANDRA GENERALS,AMARAVATHI,TOTALS
22-05-25,B,897,5.00,0.00,0.00,0.00,SRI SEETA RAMACHANDRA GENERALS,AMARAVATHI,TOTALS
22-05-25,B,878,10.00,0.00,0.00,0.00,ANJANEYA TRADERS,GUDIVADA,TOTALS
22-05-25,B,884,10.00,0.00,0.00,0.00,"SAI TRADERS,",VIJAYAWADA,TOTALS
22-05-25,B,887,10.00,0.00,0.00,0.00,MANASA GENERAL STORES,REPALLE,TOTALS
22-05-25,B,889,20.00,0.00,0.00,0.00,SRI LAKSHMI HASINI RETAIL MARKET,JANGAREDDYGUDEM,TOTALS
22-05-25,B,892,15.00,0.00,0.00,0.00,SRI VENKATA SAI SYAMALA GENERAL STORES,KAIKALURU,TOTALS
22-05-25,B,893,10.00,0.00,0.00,0.00,MURALI GENRAL STORES,GUDIVADA,TOTALS
23-05-25,B,899,12.00,0.00,0.00,0.00,SRI VENKATA NAGASAI MANIKANTA TRADERS,TENALI,TOTALS
23-05-25,B,902,11.00,0.00,0.00,0.00,SAKUNTHALA TRADERS,TENALI,TOTALS
23-05-25,B,903,10.00,0.00,0.00,0.00,ANNAPURNA KIRANA STORES,ELURU,TOTALS
23-05-25,B,906,10.00,0.00,0.00,0.00,M POORNA GARU,GUNTUR,TOTALS
23-05-25,B,914,10.00,0.00,0.00,0.00,NANDINI SWEETS,REPALLE,TOTALS
23-05-25,B,915,5.00,0.00,0.00,0.00,NARAYANA GARU,REPALLE,TOTALS
23-05-25,B,916,10.00,0.00,0.00,0.00,MANASA GENERAL STORES,REPALLE,TOTALS
23-05-25,B,922,14.00,0.00,0.00,0.00,SRI BALAJI GENERAL STORES,AMALAPURAM,TOTALS
24-05-25,B,933,13.00,0.00,0.00,0.00,SRI SRI PHANI RAGAVENDRA TRADERS,GUDIVADA,TOTALS
24-05-25,B,934,25.00,0.00,0.00,0.00,SRI SWAMY AYYAPPA GENERAL STORES,AGIRIPALLI,TOTALS
24-05-25,B,937,10.00,0.00,0.00,0.00,MURALI GENRAL STORES,GUDIVADA,TOTALS
26-05-25,B,941,20.00,0.00,0.00,0.00,SRI MANIKANTA TRADERS,ELURU,TOTALS
26-05-25,B,942,50.00,0.00,0.00,0.00,JYOTHI ENTERPRISES.,GUNTUR,TOTALS
26-05-25,B,942,20.00,0.00,0.00,0.00,JYOTHI ENTERPRISES.,GUNTUR,TOTALS
26-05-25,B,943,10.00,0.00,0.00,0.00,SRI LALITHA SIDHESWARA TRADERS,TENALI,TOTALS
26-05-25,B,944,20.00,0.00,0.00,0.00,SRI PADMAVATI ENTERPRISES,NANDIGAMA,TOTALS
26-05-25,B,945,20.00,0.00,0.00,0.00,M/S.YAKKALA VENKATA SUBBA RAO & CO,GUNTUR,TOTALS
26-05-25,B,950,30.00,0.00,0.00,0.00,SRI BALAJI ENTERPRISES,VIJAYAWADA,TOTALS
27-05-25,B,957,10.00,0.00,0.00,0.00,LAKSHMI LAVANYA TRADERS,TENALI,TOTALS
27-05-25,B,958,20.00,0.00,0.00,0.00,V C R TRADERS,TENALI,TOTALS
27-05-25,B,960,10.00,0.00,0.00,0.00,G S R KIRANA,TENALI,TOTALS
27-05-25,B,965,20.00,0.00,0.00,0.00,LAKSHMI TRADERS.,GUDIVADA,TOTALS
27-05-25,B,969,10.00,0.00,0.00,0.00,SRI PAVAN KUMAR GENERAL STORES,VIJAYAWADA,TOTALS
27-05-25,B,971,10.00,0.00,0.00,0.00,SRI VENKATA SAI SYAMALA GENERAL STORES,KAIKALURU,TOTALS
28-05-25,B,972,80.00,0.00,0.00,0.00,BHASKARNI ADHISESAIAH AND CO,TENALI,TOTALS
28-05-25,B,981,10.00,0.00,0.00,0.00,SRI SAMBASIVA GENERAL MERCHENTS,NARASARAOPETA,TOTALS
28-05-25,B,982,10.00,0.00,0.00,0.00,VENKATA SAI KIRANA GENERAL STORES,NARASARAOPETA,TOTALS
29-05-25,B,987,10.00,0.00,0.00,0.00,VIJAYAKRISHNA TRADING COMPANY,TENALI,TOTALS
29-05-25,B,989,10.00,0.00,0.00,0.00,SRI VENKATESWARA TRADERS.,MANGALAGIRI,2631.00
GREEN PEAS 30KGS,02-05-25,B,567,10.00,33000.00,0.00,0.00,SIRI TRADERS.,VIJAYAWADA
08-05-25,B,647,10.00,0.00,0.00,0.00,M/S.YAKKALA VENKATA SUBBA RAO & CO,GUNTUR,TOTALS
08-05-25,B,666,5.00,0.00,0.00,0.00,M/S.YAKKALA VENKATA SUBBA RAO & CO,GUNTUR,TOTALS
10-05-25,B,714,20.00,0.00,0.00,0.00,SAI PRIYA TRADERS,KATTIPUDI,TOTALS
13-05-25,B,752,15.00,0.00,0.00,0.00,SAI PRIYA OIL & GENERAL MERCHANT,TUNI,TOTALS
14-05-25,B,764,6.00,0.00,0.00,0.00,GRANDHI MANIKYALA RAO ENTERPRISES,TADEPALLIGUDEM,TOTALS
16-05-25,B,785,3.00,0.00,0.00,0.00,LAKSHMI GANAPATHI TRADERA KAVALI,KAVALI,TOTALS
19-05-25,B,815,10.00,0.00,0.00,0.00,M/S.YAKKALA VENKATA SUBBA RAO & CO,GUNTUR,TOTALS
21-05-25,B,849,5.00,0.00,0.00,0.00,M/S.YAKKALA VENKATA SUBBA RAO & CO,GUNTUR,TOTALS
22-05-25,B,894,1.00,0.00,0.00,0.00,SRI VENKATA NAGAMANI GENERAL MERCHANTS,REPALLE,85.00
MASOOR DALL 30KGS,01-05-25,B,560,333.00,729270.00,0.00,0.00,M/S.YAKKALA VENKATA SUBBA RAO & CO,GUNTUR
02-05-25,B,572,40.00,0.00,0.00,0.00,VEERANJANEYA TRADERS,GUNTUR,TOTALS
02-05-25,B,575,1.00,0.00,0.00,0.00,SRINIVAS GARU,BAPATLA,TOTALS
02-05-25,B,584,6.00,0.00,0.00,0.00,CHEKA NARASHIMA SETTY SONS,ONGOLE,TOTALS
03-05-25,B,602,2.00,0.00,0.00,0.00,SURYA GANESH TRADERS,KORUKALLU,TOTALS
05-05-25,B,630,2.00,0.00,0.00,0.00,B NARESH GARU,BAPATLA,TOTALS
09-05-25,B,684,10.00,0.00,0.00,0.00,M/S.YAKKALA VENKATA SUBBA RAO & CO,GUNTUR,TOTALS
09-05-25,B,695,35.00,0.00,0.00,0.00,SRI LAKSHMI SAI TRADERS,PATTIPADU,TOTALS
10-05-25,B,713,20.00,0.00,0.00,0.00,SAI PRIYA TRADERS,KATTIPUDI,TOTALS
12-05-25,B,726,2.00,0.00,0.00,0.00,BABAI HOTEL,GUNTUR,TOTALS
12-05-25,B,728,35.00,0.00,0.00,0.00,SRI DURGA COMMERCIAL CORPORATION NEW,VIJAYAWADA,TOTALS
13-05-25,B,741,25.00,0.00,0.00,0.00,ADITHYA TRADERS.,GUNTUR,TOTALS
15-05-25,B,767,1.00,0.00,0.00,0.00,RAMESHA GURU,VIJAYAWADA,TOTALS
15-05-25,B,773,2.00,0.00,0.00,0.00,SURYA GANESH TRADERS,KORUKALLU,TOTALS
15-05-25,B,766,40.00,0.00,0.00,0.00,VEERANJANEYA TRADERS,GUNTUR,TOTALS
16-05-25,B,776,16.00,0.00,0.00,0.00,LAKSHMI TRADERS.,GUDIVADA,TOTALS
16-05-25,B,789,4.00,0.00,0.00,0.00,SRI VENKATA NAGAMANI GENERAL MERCHANTS,REPALLE,TOTALS
17-05-25,B,796,30.00,0.00,0.00,0.00,SRI SAMBASIVA GENERAL MERCHENTS,NARASARAOPETA,TOTALS
17-05-25,B,799,10.00,0.00,0.00,0.00,RAM GARU,KANKIPADU,TOTALS
17-05-25,B,803,16.00,0.00,0.00,0.00,JAYASHREE VENKATESWARA SWAMY TRADERS,BHIMADOLU,TOTALS
19-05-25,B,816,20.00,0.00,0.00,0.00,SUREY SUBBA RAO AND CO,PEDDAPURAM,TOTALS
20-05-25,B,831,20.00,0.00,0.00,0.00,GANESH  TRADERS,GOLLAPALLI,TOTALS
20-05-25,B,828,25.00,0.00,0.00,0.00,VARA MAHALAKSHMI TRADERS,VIJAYAWADA,TOTALS
20-05-25,B,830,16.00,0.00,0.00,0.00,BHASKARA  TRADING COMPANY,VIJAYAWADA,TOTALS
21-05-25,B,864,25.00,0.00,0.00,0.00,SRINIVASA KIRANA TRADERS,ADDANKI,TOTALS
22-05-25,B,895,35.00,0.00,0.00,0.00,QUALITY GENERAL STORES,KAKINADA,TOTALS
22-05-25,B,896,20.00,0.00,0.00,0.00,ARUNODAYA ENTERPRISES,KAKINADA,TOTALS
22-05-25,B,880,10.00,0.00,0.00,0.00,M/S SRINIVASA GENERAL STORES.,GUDIVADA,TOTALS
22-05-25,B,888,10.00,0.00,0.00,0.00,SRIRAMA ANNAPURNA RICE AND GENERAL STORES,NUZIVEDU,TOTALS
22-05-25,B,890,16.00,0.00,0.00,0.00,SRI SRI PHANI RAGAVENDRA TRADERS,GUDIVADA,TOTALS
22-05-25,B,891,15.00,0.00,0.00,0.00,ISKALA SRININVASULU GENERAL MERCHANT,KANDUKUKURU,TOTALS
23-05-25,B,907,15.00,0.00,0.00,0.00,SRI JAIDURGA TRADERS,BHIMAVARAM,TOTALS
23-05-25,B,920,1.00,0.00,0.00,0.00,B RAMANA GARU,BAPATLA,TOTALS
26-05-25,B,945,20.00,0.00,0.00,0.00,M/S.YAKKALA VENKATA SUBBA RAO & CO,GUNTUR,TOTALS
26-05-25,B,952,25.00,0.00,0.00,0.00,SRI SAI MADAVI TRADERS,VIJAYAWADA,TOTALS
26-05-25,B,955,18.00,0.00,0.00,0.00,HEMALATHA ENTERPRISES,VIJAYAWADA,TOTALS
27-05-25,B,962,20.00,0.00,0.00,0.00,UMA TRADERS,NUZIVEDU,TOTALS
28-05-25,B,976,20.00,0.00,0.00,0.00,LAKSHMI TRADERS.,GUDIVADA,961.00
MASUR,02-05-25,B,585,2.00,5000.00,0.00,0.00,PADMAVATHI SWEETS,REPALLE
03-05-25,B,599,6.00,0.00,0.00,0.00,D ESAWR,KANIGIRI,TOTALS
08-05-25,B,673,4.00,0.00,0.00,0.00,NANDINI SWEETS,REPALLE,TOTALS
08-05-25,B,676,40.00,0.00,0.00,0.00,SRI LAKSHMI SAI TRADERS,PATTIPADU,TOTALS
09-05-25,B,687,11.00,0.00,0.00,0.00,OM VENKATESWARA GENERAL MERCHANTS,AMALAPURAM,TOTALS
10-05-25,B,703,10.00,0.00,0.00,0.00,SRI SAI TRADERS.,PAMUR,TOTALS
10-05-25,B,707,4.00,0.00,0.00,0.00,HARSHA GENERAL STORES,PONNUR,TOTALS
10-05-25,B,712,24.00,0.00,0.00,0.00,SAI PRIYA TRADERS,KATTIPUDI,TOTALS
10-05-25,B,717,10.00,0.00,0.00,0.00,SRI BAGAVAN GENRAL STORES,HANUMAN JUNCTIN,TOTALS
11-05-25,B,719,9.00,0.00,0.00,0.00,SRI LAKSHMI SRINIVASA TRADERS,KHANNAPURAM,TOTALS
12-05-25,B,731,10.00,0.00,0.00,0.00, SRI ANJANEYA TRADERS,CHIRALA,TOTALS
13-05-25,B,742,10.00,0.00,0.00,0.00,SRI VIJAYA DURGA TRADERS,NANDIGAMA,TOTALS
14-05-25,B,757,2.00,0.00,0.00,0.00,VIJAYA SWEETS,REPALLE,TOTALS
14-05-25,B,759,10.00,0.00,0.00,0.00,SRI SAI KRISHNA DALL MILL,SAMARLAKOT,TOTALS
14-05-25,B,762,2.00,0.00,0.00,0.00,PADMAVATHI SWEETS,REPALLE,TOTALS
17-05-25,B,792,10.00,0.00,0.00,0.00,SRINIVAS OILS AND PROVISIONS,TENALI,TOTALS
17-05-25,B,802,16.00,0.00,0.00,0.00,SATYA VENKATA RAMANA ENRERPRISES,TADEPALLIGUDEM,TOTALS
19-05-25,B,819,12.00,0.00,0.00,0.00,GOLLACHINA BRAMAHIAH&SONS,MARKAPUR,TOTALS
21-05-25,B,863,10.00,0.00,0.00,0.00,KURUCHETI SRINIVASARAO,ADDANKI,TOTALS
23-05-25,B,909,5.00,0.00,0.00,0.00,SRI LOKANADH GENERAL STORES,KANDUKUKURU,TOTALS
23-05-25,B,913,11.00,0.00,0.00,0.00,SRI BALAJI  TRADERS,PALAKOLLU,TOTALS
23-05-25,B,915,2.00,0.00,0.00,0.00,NARAYANA GARU,REPALLE,TOTALS
24-05-25,B,939,10.00,0.00,0.00,0.00,RAMAKRISHNA AGENCIES,GOLLAPROLU,TOTALS
26-05-25,B,942,5.00,0.00,0.00,0.00,JYOTHI ENTERPRISES.,GUNTUR,235.00
MASUR DALL,13-05-25,B,743,5.00,17500.00,0.00,0.00,M/S.YAKKALA VENKATA SUBBA RAO & CO,GUNTUR
19-05-25,B,811,5.00,0.00,0.00,0.00,SRI MANIKANTA TRADERS,ELURU,TOTALS
21-05-25,B,849,5.00,0.00,0.00,0.00,M/S.YAKKALA VENKATA SUBBA RAO & CO,GUNTUR,TOTALS
24-05-25,B,931,5.00,0.00,0.00,0.00,SRI MANIKANTA TRADERS,ELURU,20.00
MOONG DALL 30KG-I,02-05-25,B,568,30.00,88200.00,0.00,0.00,R K TRADERS,KAVALI
02-05-25,B,571,20.00,0.00,0.00,0.00,M/S.YAKKALA VENKATA SUBBA RAO & CO,GUNTUR,TOTALS
02-05-25,B,576,6.00,0.00,0.00,0.00,KALYAN GARU,BAPATLA,TOTALS
02-05-25,B,578,20.00,0.00,0.00,0.00,SRI KALYANI DALLS MERCHANTS,VIJAYAWADA,TOTALS
02-05-25,B,579,20.00,0.00,0.00,0.00,LAKSHMI SRINIVASA TRADERS;,VIJAYAWADA,TOTALS
02-05-25,B,583,8.00,0.00,0.00,0.00,CHEKA NARASHIMA SETTY SONS,ONGOLE,TOTALS
03-05-25,B,593,25.00,0.00,0.00,0.00,M/S.YAKKALA VENKATA SUBBA RAO & CO,GUNTUR,TOTALS
03-05-25,B,597,16.00,0.00,0.00,0.00,SRI LALITHA OIL&OIL GENERAL STORES,ATHILI,TOTALS
03-05-25,B,600,4.00,0.00,0.00,0.00,D ESAWR,KANIGIRI,TOTALS
03-05-25,B,601,40.00,0.00,0.00,0.00,M/S.YAKKALA VENKATA SUBBA RAO & CO,GUNTUR,TOTALS
03-05-25,B,602,1.00,0.00,0.00,0.00,SURYA GANESH TRADERS,KORUKALLU,TOTALS
03-05-25,B,608,15.00,0.00,0.00,0.00,HARE RAMA HARE KRISHNA GENERAL STORES,ONGOLE,TOTALS
03-05-25,B,609,6.00,0.00,0.00,0.00,HARE RAMA HARE KRISHNA GENERAL STORES,ONGOLE,TOTALS
03-05-25,B,610,3.00,0.00,0.00,0.00,SRI VIGNESWARA TRADERS,ELURU,TOTALS
03-05-25,B,610,3.00,0.00,0.00,0.00,SRI VIGNESWARA TRADERS,ELURU,TOTALS
03-05-25,B,613,2.00,0.00,0.00,0.00,SRINIVASA GURU,BAPATLA,TOTALS
05-05-25,B,618,5.00,0.00,0.00,0.00,LAKSHMI LAVANYA TRADERS,TENALI,TOTALS
05-05-25,B,623,30.00,0.00,0.00,0.00,VIJAYA TRADING COMPANY,VIJAYAWADA,TOTALS
05-05-25,B,624,16.00,0.00,0.00,0.00,GANESH  TRADERS,GOLLAPALLI,TOTALS
05-05-25,B,630,4.00,0.00,0.00,0.00,B NARESH GARU,BAPATLA,TOTALS
05-05-25,B,616,10.00,0.00,0.00,0.00,M/S.YAKKALA VENKATA SUBBA RAO & CO,GUNTUR,TOTALS
06-05-25,B,631,15.00,0.00,0.00,0.00,MAHESWARI DALL MILL,VIJAYAWADA,TOTALS
06-05-25,B,635,40.00,0.00,0.00,0.00,M/S.YAKKALA VENKATA SUBBA RAO & CO,GUNTUR,TOTALS
07-05-25,B,639,20.00,0.00,0.00,0.00,SRI JAYALAKSHMI GENERAL STORES,TENALI,TOTALS
07-05-25,B,641,10.00,0.00,0.00,0.00,SRI PADMAVATHI FOOD PACKAGES,ONGOLE,TOTALS
08-05-25,B,647,15.00,0.00,0.00,0.00,M/S.YAKKALA VENKATA SUBBA RAO & CO,GUNTUR,TOTALS
08-05-25,B,646,15.00,0.00,0.00,0.00,RAMA TRADERS,MACHAVARAM,TOTALS
08-05-25,B,653,35.00,0.00,0.00,0.00,JAYA VENKATESWARA ENTERPRISES,VIJAYAWADA,TOTALS
08-05-25,B,659,10.00,0.00,0.00,0.00,MANASA GENERAL STORES,REPALLE,TOTALS
08-05-25,B,663,10.00,0.00,0.00,0.00,SRI SAMBASIVA GENERAL MERCHENTS,NARASARAOPETA,TOTALS
08-05-25,B,663,30.00,0.00,0.00,0.00,SRI SAMBASIVA GENERAL MERCHENTS,NARASARAOPETA,TOTALS
08-05-25,B,663,20.00,0.00,0.00,0.00,SRI SAMBASIVA GENERAL MERCHENTS,NARASARAOPETA,TOTALS
08-05-25,B,671,2.00,0.00,0.00,0.00,MADHAVI EMPORIUM,REPALLE,TOTALS
08-05-25,B,671,2.00,0.00,0.00,0.00,MADHAVI EMPORIUM,REPALLE,TOTALS
09-05-25,B,681,16.00,0.00,0.00,0.00,TADEPALLI MALLIKARJUNARAO HARIGOPALRAO,MACHILIPATNAM,TOTALS
09-05-25,B,682,10.00,0.00,0.00,0.00,SRI TULLURI TRADERS,MACHILIPATNAM,TOTALS
09-05-25,B,692,1.00,0.00,0.00,0.00,RAJA M,VIJAYAWADA,TOTALS
09-05-25,B,693,97.00,0.00,0.00,0.00,DURGA SAI DALL MERCHANTS,VIJAYAWADA,TOTALS
10-05-25,B,698,15.00,0.00,0.00,0.00,ANJANEYA TRADERS,GUDIVADA,TOTALS
10-05-25,B,705,9.00,0.00,0.00,0.00,B KIRAN KUMAR GARU,BAPATLA,TOTALS
10-05-25,B,708,21.00,0.00,0.00,0.00,M/S.YAKKALA VENKATA SUBBA RAO & CO,GUNTUR,TOTALS
11-05-25,B,718,100.00,0.00,0.00,0.00,SRI LAKSHMI SRINIVASA TRADERS,KHANNAPURAM,TOTALS
12-05-25,B,723,10.00,0.00,0.00,0.00,M/S.YAKKALA VENKATA SUBBA RAO & CO,GUNTUR,TOTALS
12-05-25,B,729,10.00,0.00,0.00,0.00, SRI ANJANEYA TRADERS,CHIRALA,TOTALS
12-05-25,B,730,20.00,0.00,0.00,0.00, SRI ANJANEYA TRADERS,CHIRALA,TOTALS
12-05-25,B,735,20.00,0.00,0.00,0.00,M/S.YAKKALA VENKATA SUBBA RAO & CO,GUNTUR,TOTALS
12-05-25,B,737,1.00,0.00,0.00,0.00,SRI GANAPATHI GENERAL STORES,REPALLE,TOTALS
13-05-25,B,744,1.00,0.00,0.00,0.00,VIJAY GARU,VIJAYAWADA,TOTALS
13-05-25,B,743,15.00,0.00,0.00,0.00,M/S.YAKKALA VENKATA SUBBA RAO & CO,GUNTUR,TOTALS
14-05-25,B,755,3.00,0.00,0.00,0.00,M/S SRINIVASA GENERAL STORES.,GUDIVADA,TOTALS
14-05-25,B,758,1.00,0.00,0.00,0.00,DARSHI RAVI KUMAR,REPALLE,TOTALS
14-05-25,B,758,1.00,0.00,0.00,0.00,DARSHI RAVI KUMAR,REPALLE,TOTALS
14-05-25,B,761,2.00,0.00,0.00,0.00,SRI VENKATA NAGAMANI GENERAL MERCHANTS,REPALLE,TOTALS
15-05-25,B,772,41.00,0.00,0.00,0.00,M/S.YAKKALA VENKATA SUBBA RAO & CO,GUNTUR,TOTALS
15-05-25,B,773,1.00,0.00,0.00,0.00,SURYA GANESH TRADERS,KORUKALLU,TOTALS
16-05-25,B,781,35.00,0.00,0.00,0.00,SRINIVASA APPARALA STORES,TADEPALLIGUDEM,TOTALS
16-05-25,B,782,15.00,0.00,0.00,0.00,GRANDHI MANIKYALA RAO ENTERPRISES,TADEPALLIGUDEM,TOTALS
16-05-25,B,785,15.00,0.00,0.00,0.00,LAKSHMI GANAPATHI TRADERA KAVALI,KAVALI,TOTALS
17-05-25,B,791,16.00,0.00,0.00,0.00,LAKSHMI TRADERS.,GUDIVADA,TOTALS
17-05-25,B,793,25.00,0.00,0.00,0.00,M/S.YAKKALA VENKATA SUBBA RAO & CO,GUNTUR,TOTALS
17-05-25,B,794,10.00,0.00,0.00,0.00,GAYATHRI GENERAL MERCHANTS,GUNTUR,TOTALS
17-05-25,B,795,25.00,0.00,0.00,0.00,SRI SAMBASIVA GENERAL MERCHENTS,NARASARAOPETA,TOTALS
17-05-25,B,801,10.00,0.00,0.00,0.00,M/S.YAKKALA VENKATA SUBBA RAO & CO,GUNTUR,TOTALS
19-05-25,B,815,15.00,0.00,0.00,0.00,M/S.YAKKALA VENKATA SUBBA RAO & CO,GUNTUR,TOTALS
19-05-25,B,817,15.00,0.00,0.00,0.00,GOLLACHINA BRAMAHIAH&SONS,MARKAPUR,TOTALS
19-05-25,B,821,100.00,0.00,0.00,0.00,VICTORY BAZAARS PVT LTD,RAVULAPALEM,TOTALS
20-05-25,B,833,4.00,0.00,0.00,0.00,B MANOJ GARU,BAPATLA,TOTALS
20-05-25,B,834,6.00,0.00,0.00,0.00,B.GOVINDA GURU,BAPATLA,TOTALS
20-05-25,B,837,10.00,0.00,0.00,0.00,HARSHA GENERAL STORES,PONNUR,TOTALS
21-05-25,B,849,20.00,0.00,0.00,0.00,M/S.YAKKALA VENKATA SUBBA RAO & CO,GUNTUR,TOTALS
21-05-25,B,850,10.00,0.00,0.00,0.00,GAYATHRI GENERAL MERCHANTS,GUNTUR,TOTALS
21-05-25,B,853,30.00,0.00,0.00,0.00,SRI SAMBASIVA GENERAL MERCHENTS,NARASARAOPETA,TOTALS
21-05-25,B,854,50.00,0.00,0.00,0.00,SRI SAMBASIVA GENERAL MERCHENTS,NARASARAOPETA,TOTALS
21-05-25,B,862,5.00,0.00,0.00,0.00, SRI ANJANEYA TRADERS,CHIRALA,TOTALS
21-05-25,B,865,5.00,0.00,0.00,0.00,SRINIVASA KIRANA TRADERS,ADDANKI,TOTALS
21-05-25,B,867,35.00,0.00,0.00,0.00,SRI GANESH DALL MERCHANTS,VIJAYAWADA,TOTALS
21-05-25,B,876,5.00,0.00,0.00,0.00,SRI BAGAVAN GENRAL STORES,HANUMAN JUNCTIN,TOTALS
22-05-25,B,894,2.00,0.00,0.00,0.00,SRI VENKATA NAGAMANI GENERAL MERCHANTS,REPALLE,TOTALS
22-05-25,B,886,18.00,0.00,0.00,0.00,M/S.YAKKALA VENKATA SUBBA RAO & CO,GUNTUR,TOTALS
23-05-25,B,901,15.00,0.00,0.00,0.00,LAKSHMI TRADERS,TENALI,TOTALS
23-05-25,B,905,6.00,0.00,0.00,0.00,M/S.YAKKALA VENKATA SUBBA RAO & CO,GUNTUR,TOTALS
23-05-25,B,917,10.00,0.00,0.00,0.00,MANASA GENERAL STORES,REPALLE,TOTALS
23-05-25,B,918,6.00,0.00,0.00,0.00,MANASA GENERAL STORES,REPALLE,TOTALS
23-05-25,B,924,40.00,0.00,0.00,0.00,SRI BALA BALAJI GENERAL MERCHANTS,TADEPALLIGUDEM,TOTALS
23-05-25,B,925,40.00,0.00,0.00,0.00,SRI DURGA GENERAL STORES,TADEPALLIGUDEM,TOTALS
24-05-25,B,927,20.00,0.00,0.00,0.00,A V SUBBARAO,MARKAPUR,TOTALS
26-05-25,B,945,22.00,0.00,0.00,0.00,M/S.YAKKALA VENKATA SUBBA RAO & CO,GUNTUR,TOTALS
26-05-25,B,946,15.00,0.00,0.00,0.00,PBR TRADERS,MARKAPUR,TOTALS
26-05-25,B,946,5.00,0.00,0.00,0.00,PBR TRADERS,MARKAPUR,TOTALS
27-05-25,B,967,10.00,0.00,0.00,0.00,SAI SATHVIK ENTERPRISES,YERRAGONDAPALEM,TOTALS
27-05-25,B,967,2.00,0.00,0.00,0.00,SAI SATHVIK ENTERPRISES,YERRAGONDAPALEM,TOTALS
28-05-25,B,975,1.00,0.00,0.00,0.00,HARI GARU,VIJAYAWADA,TOTALS
28-05-25,B,980,30.00,0.00,0.00,0.00,SRI SAMBASIVA GENERAL MERCHENTS,NARASARAOPETA,TOTALS
29-05-25,B,988,5.00,0.00,0.00,0.00,MANASA GENERAL STORES,REPALLE,1611.00
MOONGDALL 50KG,03-05-25,B,593,6.00,30000.00,0.00,0.00,M/S.YAKKALA VENKATA SUBBA RAO & CO,GUNTUR
PARCHED GRAM SPLIT,02-05-25,B,571,5.00,21000.00,0.00,0.00,M/S.YAKKALA VENKATA SUBBA RAO & CO,GUNTUR
08-05-25,B,647,5.00,0.00,0.00,0.00,M/S.YAKKALA VENKATA SUBBA RAO & CO,GUNTUR,TOTALS
12-05-25,B,737,1.00,0.00,0.00,0.00,SRI GANAPATHI GENERAL STORES,REPALLE,TOTALS
13-05-25,B,743,6.00,0.00,0.00,0.00,M/S.YAKKALA VENKATA SUBBA RAO & CO,GUNTUR,TOTALS
14-05-25,B,760,10.00,0.00,0.00,0.00,SRI MANIKANTA TRADERS,ELURU,TOTALS
15-05-25,B,770,5.00,0.00,0.00,0.00,SRI MANIKANTA TRADERS,ELURU,TOTALS
15-05-25,B,772,13.00,0.00,0.00,0.00,M/S.YAKKALA VENKATA SUBBA RAO & CO,GUNTUR,TOTALS
15-05-25,B,770,20.00,0.00,0.00,0.00,SRI MANIKANTA TRADERS,ELURU,TOTALS
16-05-25,B,775,13.00,0.00,0.00,0.00,M/S.YAKKALA VENKATA SUBBA RAO & CO,GUNTUR,TOTALS
19-05-25,B,811,10.00,0.00,0.00,0.00,SRI MANIKANTA TRADERS,ELURU,TOTALS
21-05-25,B,860,2.00,0.00,0.00,0.00,P MART,CHIRALA,TOTALS
22-05-25,B,886,10.00,0.00,0.00,0.00,M/S.YAKKALA VENKATA SUBBA RAO & CO,GUNTUR,TOTALS
23-05-25,B,905,5.00,0.00,0.00,0.00,M/S.YAKKALA VENKATA SUBBA RAO & CO,GUNTUR,TOTALS
27-05-25,B,964,12.00,0.00,0.00,0.00,SRI MANIKANTA TRADERS,ELURU,TOTALS
27-05-25,B,964,6.00,0.00,0.00,0.00,SRI MANIKANTA TRADERS,ELURU,123.00
PEAS DALL 50 KGS,02-05-25,B,569,10.00,21250.00,0.00,0.00,R K TRADERS,KAVALI
02-05-25,B,571,20.00,0.00,0.00,0.00,M/S.YAKKALA VENKATA SUBBA RAO & CO,GUNTUR,TOTALS
02-05-25,B,573,15.00,0.00,0.00,0.00,B.GOVINDA GURU,BAPATLA,TOTALS
02-05-25,B,574,5.00,0.00,0.00,0.00,B KIRAN KUMAR GARU,BAPATLA,TOTALS
03-05-25,B,599,6.00,0.00,0.00,0.00,D ESAWR,KANIGIRI,TOTALS
03-05-25,B,603,1.00,0.00,0.00,0.00,PREAM,VIJAYAWADA,TOTALS
03-05-25,B,604,1.00,0.00,0.00,0.00,RAVI,VIJAYAWADA,TOTALS
03-05-25,B,612,10.00,0.00,0.00,0.00,B.MANOJ GURU,BAPATLA,TOTALS
05-05-25,B,626,10.00,0.00,0.00,0.00,JAHNAVI GENERAL STORES,PONNUR,TOTALS
05-05-25,B,628,6.00,0.00,0.00,0.00,ANJANEYA GENERAL STORES,BAPATLA,TOTALS
05-05-25,B,616,13.00,0.00,0.00,0.00,M/S.YAKKALA VENKATA SUBBA RAO & CO,GUNTUR,TOTALS
05-05-25,B,617,10.00,0.00,0.00,0.00,M POORNA GARU,GUNTUR,TOTALS
06-05-25,B,635,45.00,0.00,0.00,0.00,M/S.YAKKALA VENKATA SUBBA RAO & CO,GUNTUR,TOTALS
08-05-25,B,649,5.00,0.00,0.00,0.00,M/S SRINIVASA GENERAL STORES.,GUDIVADA,TOTALS
08-05-25,B,647,23.00,0.00,0.00,0.00,M/S.YAKKALA VENKATA SUBBA RAO & CO,GUNTUR,TOTALS
08-05-25,B,655,10.00,0.00,0.00,0.00,B.GOVINDA GURU,BAPATLA,TOTALS
08-05-25,B,657,4.00,0.00,0.00,0.00,B KIRAN KUMAR GARU,BAPATLA,TOTALS
08-05-25,B,664,18.00,0.00,0.00,0.00,SRI LAKSHMI TRADERS....,GUNTUR,TOTALS
08-05-25,B,665,12.00,0.00,0.00,0.00,ADITHYA TRADERS.,GUNTUR,TOTALS
08-05-25,B,666,21.00,0.00,0.00,0.00,M/S.YAKKALA VENKATA SUBBA RAO & CO,GUNTUR,TOTALS
08-05-25,B,670,10.00,0.00,0.00,0.00, SRI ANJANEYA TRADERS,CHIRALA,TOTALS
08-05-25,B,673,1.00,0.00,0.00,0.00,NANDINI SWEETS,REPALLE,TOTALS
09-05-25,B,684,35.00,0.00,0.00,0.00,M/S.YAKKALA VENKATA SUBBA RAO & CO,GUNTUR,TOTALS
10-05-25,B,700,1.00,0.00,0.00,0.00,SHAIK BASHA,VIJAYAWADA,TOTALS
10-05-25,B,707,6.00,0.00,0.00,0.00,HARSHA GENERAL STORES,PONNUR,TOTALS
12-05-25,B,723,5.00,0.00,0.00,0.00,M/S.YAKKALA VENKATA SUBBA RAO & CO,GUNTUR,TOTALS
12-05-25,B,726,1.00,0.00,0.00,0.00,BABAI HOTEL,GUNTUR,TOTALS
12-05-25,B,735,40.00,0.00,0.00,0.00,M/S.YAKKALA VENKATA SUBBA RAO & CO,GUNTUR,TOTALS
13-05-25,B,743,6.00,0.00,0.00,0.00,M/S.YAKKALA VENKATA SUBBA RAO & CO,GUNTUR,TOTALS
13-05-25,B,748,10.00,0.00,0.00,0.00,B.GOVINDA GURU,BAPATLA,TOTALS
13-05-25,B,749,10.00,0.00,0.00,0.00,G NAVEEN KUMAR,BAPATLA,TOTALS
13-05-25,B,740,10.00,0.00,0.00,0.00,M/S.YAKKALA VENKATA SUBBA RAO & CO,GUNTUR,TOTALS
14-05-25,B,756,4.00,0.00,0.00,0.00,D.SATYANARAYANA GURU,REPALLE,TOTALS
14-05-25,B,754,20.00,0.00,0.00,0.00,M/S.YAKKALA VENKATA SUBBA RAO & CO,GUNTUR,TOTALS
15-05-25,B,772,45.00,0.00,0.00,0.00,M/S.YAKKALA VENKATA SUBBA RAO & CO,GUNTUR,TOTALS
16-05-25,B,775,10.00,0.00,0.00,0.00,M/S.YAKKALA VENKATA SUBBA RAO & CO,GUNTUR,TOTALS
16-05-25,B,778,10.00,0.00,0.00,0.00,M POORNA GARU,GUNTUR,TOTALS
17-05-25,B,800,10.00,0.00,0.00,0.00,SRI SRI PHANI RAGAVENDRA TRADERS,GUDIVADA,TOTALS
19-05-25,B,806,1.00,0.00,0.00,0.00,PREAM,VIJAYAWADA,TOTALS
19-05-25,B,812,1.00,0.00,0.00,0.00,RAVI,ONGOLE,TOTALS
19-05-25,B,815,20.00,0.00,0.00,0.00,M/S.YAKKALA VENKATA SUBBA RAO & CO,GUNTUR,TOTALS
19-05-25,B,818,20.00,0.00,0.00,0.00,SREE LAKSHMI NARASIMHA TRADERS,BHIMAVARAM,TOTALS
20-05-25,B,833,12.00,0.00,0.00,0.00,B MANOJ GARU,BAPATLA,TOTALS
20-05-25,B,834,10.00,0.00,0.00,0.00,B.GOVINDA GURU,BAPATLA,TOTALS
20-05-25,B,837,6.00,0.00,0.00,0.00,HARSHA GENERAL STORES,PONNUR,TOTALS
21-05-25,B,849,15.00,0.00,0.00,0.00,M/S.YAKKALA VENKATA SUBBA RAO & CO,GUNTUR,TOTALS
21-05-25,B,861,10.00,0.00,0.00,0.00, SRI ANJANEYA TRADERS,CHIRALA,TOTALS
22-05-25,B,885,1.00,0.00,0.00,0.00,SK BASHA,VIJAYAWADA,TOTALS
22-05-25,B,886,5.00,0.00,0.00,0.00,M/S.YAKKALA VENKATA SUBBA RAO & CO,GUNTUR,TOTALS
22-05-25,B,894,5.00,0.00,0.00,0.00,SRI VENKATA NAGAMANI GENERAL MERCHANTS,REPALLE,TOTALS
23-05-25,B,905,12.00,0.00,0.00,0.00,M/S.YAKKALA VENKATA SUBBA RAO & CO,GUNTUR,TOTALS
23-05-25,B,915,1.00,0.00,0.00,0.00,NARAYANA GARU,REPALLE,TOTALS
23-05-25,B,919,10.00,0.00,0.00,0.00,B.GOVINDA GURU,BAPATLA,TOTALS
23-05-25,B,920,10.00,0.00,0.00,0.00,B RAMANA GARU,BAPATLA,TOTALS
26-05-25,B,945,20.00,0.00,0.00,0.00,M/S.YAKKALA VENKATA SUBBA RAO & CO,GUNTUR,TOTALS
26-05-25,B,948,1.00,0.00,0.00,0.00,CH RAVI KUMAR GARU,VIJAYAWADA,TOTALS
27-05-25,B,959,3.00,0.00,0.00,0.00,POORNA GARU,GUDIVADA,TOTALS
27-05-25,B,966,2.00,0.00,0.00,0.00,DARSI RAVI KUMAR GARU,REPALLE,TOTALS
27-05-25,B,967,6.00,0.00,0.00,0.00,SAI SATHVIK ENTERPRISES,YERRAGONDAPALEM,TOTALS
28-05-25,B,978,10.00,0.00,0.00,0.00,HARSHA GENERAL STORES,PONNUR,TOTALS
28-05-25,B,974,1.00,0.00,0.00,0.00,RAVANA GARU,VIJAYAWADA,TOTALS
29-05-25,B,985,10.00,0.00,0.00,0.00,M POORNA GARU,GUNTUR,TOTALS
29-05-25,B,988,5.00,0.00,0.00,0.00,MANASA GENERAL STORES,REPALLE,676.00
TOORDALL 50KG,01-05-25,B,556,20.00,99000.00,0.00,0.00,SRI LAKSHMI TULASI TRADERS,NEELAPALI
01-05-25,B,561,10.00,0.00,0.00,0.00,SRI SRI PHANI RAGAVENDRA TRADERS,GUDIVADA,TOTALS
02-05-25,B,570,10.00,0.00,0.00,0.00,NAGARAJA KIRANA&GENERAL STORES,KAIKALURU,TOTALS
02-05-25,B,577,3.00,0.00,0.00,0.00,BALAJI HOTEL,VIJAYAWADA,TOTALS
02-05-25,B,586,10.00,0.00,0.00,0.00,NAGA VENKATA SAI DURGA GENERALS TANUKU,TANUKU,TOTALS
03-05-25,B,588,15.00,0.00,0.00,0.00,SRI DURGAA LAAKSHMI ENTERPRISES,VIJAYAWADA,TOTALS
03-05-25,B,595,20.00,0.00,0.00,0.00,P MART,CHIRALA,TOTALS
03-05-25,B,597,20.00,0.00,0.00,0.00,SRI LALITHA OIL&OIL GENERAL STORES,ATHILI,TOTALS
03-05-25,B,605,10.00,0.00,0.00,0.00,SRI VENKATARAMANA TRADERS,NANDIVELUGU,TOTALS
03-05-25,B,607,8.00,0.00,0.00,0.00,SRI SAI SUBRAHMANYESWARA TRADERS,GUNTUR,TOTALS
03-05-25,B,610,2.00,0.00,0.00,0.00,SRI VIGNESWARA TRADERS,ELURU,TOTALS
03-05-25,B,615,10.00,0.00,0.00,0.00,SRI SHANMUKHA TRADERS,REPALLE,TOTALS
07-05-25,B,642,40.00,0.00,0.00,0.00,SATYA SAI TRADERS,DHARMAVARAM,TOTALS
07-05-25,B,643,10.00,0.00,0.00,0.00,SRI SAI SRINIVASA GENERAL STORES,PEDDAPURAM,TOTALS
07-05-25,B,644,20.00,0.00,0.00,0.00,KANKANALA CHANDINI,RAJAMUNDRY,TOTALS
07-05-25,B,645,4.00,0.00,0.00,0.00,SRI LAKSHMISRINIVASA GENERAL & FANCY STORES,KANIGIRI,TOTALS
08-05-25,B,650,15.00,0.00,0.00,0.00,LAKSHMI TRADERS.,GUDIVADA,TOTALS
08-05-25,B,654,15.00,0.00,0.00,0.00,SRI VENKATA SAI ISWARYA TRADERS,BAPATLA,TOTALS
08-05-25,B,660,20.00,0.00,0.00,0.00,JAYA LAKSHMI GENERAL STORES,PONNUR,TOTALS
08-05-25,B,668,20.00,0.00,0.00,0.00,P MART,CHIRALA,TOTALS
08-05-25,B,669,10.00,0.00,0.00,0.00, SRI ANJANEYA TRADERS,CHIRALA,TOTALS
08-05-25,B,678,10.00,0.00,0.00,0.00,SRI SAI SRINIVASA GENERAL STORES,PEDDAPURAM,TOTALS
08-05-25,B,677,20.00,0.00,0.00,0.00,SREE LAKSHMI GANAPATHI DHALL MERCHANT,YANAM,TOTALS
09-05-25,B,686,10.00,0.00,0.00,0.00,VENKATA JAYA LAKSHMI FANCY& GENERAL STORES,VIJAYAWADA,TOTALS
09-05-25,B,688,15.00,0.00,0.00,0.00,VASAVIMATA KIRANA STORES,SATTUPALLI,TOTALS
09-05-25,B,689,5.00,0.00,0.00,0.00,AVINASH,ELURU,TOTALS
09-05-25,B,694,9.00,0.00,0.00,0.00,SRI VENKATA SAI SYAMALA GENERAL STORES,KAIKALURU,TOTALS
09-05-25,B,694,5.00,0.00,0.00,0.00,SRI VENKATA SAI SYAMALA GENERAL STORES,KAIKALURU,TOTALS
10-05-25,B,701,10.00,0.00,0.00,0.00,LAKSHMI VENKATESWARA DALLS&GENERAL MERCT,VIJAYAWADA,TOTALS
10-05-25,B,702,5.00,0.00,0.00,0.00,PADMA TRADERS,VIJAYAWADA,TOTALS
10-05-25,B,709,10.00,0.00,0.00,0.00,GAYATHRI GENERAL MERCHANTS,GUNTUR,TOTALS
10-05-25,B,711,20.00,0.00,0.00,0.00,MANASA GENERAL STORES,REPALLE,TOTALS
10-05-25,B,715,40.00,0.00,0.00,0.00,VEERABADHARA TRADERS,JAGGAMPETA,TOTALS
10-05-25,B,702,10.00,0.00,0.00,0.00,PADMA TRADERS,VIJAYAWADA,TOTALS
12-05-25,B,732,3.00,0.00,0.00,0.00,BALAJI HOTEL,VIJAYAWADA,TOTALS
12-05-25,B,733,10.00,0.00,0.00,0.00,KUSUMA KUMAR TRADERS,ATHILI,TOTALS
12-05-25,B,734,20.00,0.00,0.00,0.00,SRI SURVACHALA DALL MILL,KONTHERU,TOTALS
12-05-25,B,736,8.00,0.00,0.00,0.00,CHEEDELLA RAJA,KANDUKUKURU,TOTALS
13-05-25,B,746,1.00,0.00,0.00,0.00,SRIDHAR GENERAL STORES,VALLURUPALEM,TOTALS
13-05-25,B,747,10.00,0.00,0.00,0.00,SRI SAI BALAJI GENERAL MERCHANTS,BAPATLA,TOTALS
13-05-25,B,751,15.00,0.00,0.00,0.00,SAI PRIYA OIL & GENERAL MERCHANT,TUNI,TOTALS
15-05-25,B,773,10.00,0.00,0.00,0.00,SURYA GANESH TRADERS,KORUKALLU,TOTALS
15-05-25,B,769,10.00,0.00,0.00,0.00,LAKSHMI TRADERS .,VIJAYAWADA,TOTALS
17-05-25,B,794,10.00,0.00,0.00,0.00,GAYATHRI GENERAL MERCHANTS,GUNTUR,TOTALS
17-05-25,B,797,10.00,0.00,0.00,0.00,MURALI GENRAL STORES,GUDIVADA,TOTALS
17-05-25,B,804,15.00,0.00,0.00,0.00,NAGARAJA KIRANA&GENERAL STORES,KAIKALURU,TOTALS
17-05-25,B,805,11.00,0.00,0.00,0.00,SAI TRADERS,VIJAYAWADA,TOTALS
19-05-25,B,810,10.00,0.00,0.00,0.00,BHASKARNI ADHISESAIAH AND CO,TENALI,TOTALS
19-05-25,B,810,3.00,0.00,0.00,0.00,BHASKARNI ADHISESAIAH AND CO,TENALI,TOTALS
19-05-25,B,814,10.00,0.00,0.00,0.00,LAKSHMI TRADERS .,VIJAYAWADA,TOTALS
20-05-25,B,822,7.00,0.00,0.00,0.00,BHASKARNI ADHISESAIAH AND CO,TENALI,TOTALS
20-05-25,B,826,3.00,0.00,0.00,0.00,BALAJI HOTEL,VIJAYAWADA,TOTALS
20-05-25,B,829,22.00,0.00,0.00,0.00,RADHA KRISHNA KIRANA AND GENERAL STORES,KANKIPADU,TOTALS
20-05-25,B,832,11.00,0.00,0.00,0.00,LAXMI NARAYANA TRADERS,ELURU,TOTALS
20-05-25,B,838,10.00,0.00,0.00,0.00,TARAKRAMA TRADERS,GUDIVADA,TOTALS
20-05-25,B,839,10.00,0.00,0.00,0.00,MURALI GENRAL STORES,GUDIVADA,TOTALS
20-05-25,B,840,10.00,0.00,0.00,0.00,SRI SRI PHANI RAGAVENDRA TRADERS,GUDIVADA,TOTALS
20-05-25,B,840,6.00,0.00,0.00,0.00,SRI SRI PHANI RAGAVENDRA TRADERS,GUDIVADA,TOTALS
21-05-25,B,847,10.00,0.00,0.00,0.00,LAKSHMI TRADERS.,GUDIVADA,TOTALS
21-05-25,B,848,10.00,0.00,0.00,0.00,JAYANTH TRADING COMPANY,KANKIPADU,TOTALS
21-05-25,B,851,10.00,0.00,0.00,0.00,SAKUNTHALA TRADERS,TENALI,TOTALS
21-05-25,B,857,40.00,0.00,0.00,0.00,SREE VIJAYA DURGA RICE&KIRANA TRADERS,VIJAYAWADA,TOTALS
21-05-25,B,859,20.00,0.00,0.00,0.00,P MART,CHIRALA,TOTALS
21-05-25,B,868,6.00,0.00,0.00,0.00,SRI SAI BALAJI GENERAL MERCHANTS,BAPATLA,TOTALS
21-05-25,B,869,15.00,0.00,0.00,0.00,R K TRADERS,KAVALI,TOTALS
21-05-25,B,871,10.00,0.00,0.00,0.00,SRI ANJANEYA ENTER PRISES,ONGOLE,TOTALS
21-05-25,B,873,8.00,0.00,0.00,0.00,SRI VENKATARAMANA GENERAL STORES NEW,BANTUMILLI,TOTALS
21-05-25,B,874,15.00,0.00,0.00,0.00,SRI PURNACHANDRA GENERAL STORES,REPALLE,TOTALS
22-05-25,B,877,5.00,0.00,0.00,0.00,ANJANEYA TRADERS,GUDIVADA,TOTALS
22-05-25,B,877,10.00,0.00,0.00,0.00,ANJANEYA TRADERS,GUDIVADA,TOTALS
22-05-25,B,879,5.00,0.00,0.00,0.00,M/S SRINIVASA GENERAL STORES.,GUDIVADA,TOTALS
23-05-25,B,898,10.00,0.00,0.00,0.00,SRI VENKATA NAGASAI MANIKANTA TRADERS,TENALI,TOTALS
23-05-25,B,904,10.00,0.00,0.00,0.00,ANNAPURNA KIRANA STORES,ELURU,TOTALS
23-05-25,B,908,15.00,0.00,0.00,0.00,SRI LOKANADH GENERAL STORES,KANDUKUKURU,TOTALS
23-05-25,B,910,15.00,0.00,0.00,0.00,SHIVA RAMAKRISHNANJANEYA TRADERS,NELLORE,TOTALS
23-05-25,B,911,10.00,0.00,0.00,0.00,SRI VENKATA SAI BALAJI GENERAL STORES,ATHILI,TOTALS
23-05-25,B,912,10.00,0.00,0.00,0.00,SIVA VENKATA NAGA TRADERS.,BHIMAVARAM,TOTALS
23-05-25,B,921,11.00,0.00,0.00,0.00,LAKSHMI GANAPATHI TRADERA KAVALI,KAVALI,TOTALS
23-05-25,B,922,7.00,0.00,0.00,0.00,SRI BALAJI GENERAL STORES,AMALAPURAM,TOTALS
24-05-25,B,926,10.00,0.00,0.00,0.00,LAKSHMI TRADERS .,VIJAYAWADA,TOTALS
24-05-25,B,928,10.00,0.00,0.00,0.00,SRI VENKATA SURYA RICE TRADERS,CH GUNNEPALLE,TOTALS
24-05-25,B,929,10.00,0.00,0.00,0.00,SRI MANIKANTA TRADERS,ELURU,TOTALS
24-05-25,B,930,4.00,0.00,0.00,0.00,SRI MANIKANTA TRADERS,ELURU,TOTALS
24-05-25,B,932,3.00,0.00,0.00,0.00,BALAJI HOTEL,VIJAYAWADA,TOTALS
24-05-25,B,935,10.00,0.00,0.00,0.00,LAKSHMI RICE &GENERAL STORES,VIJAYAWADA,TOTALS
24-05-25,B,936,10.00,0.00,0.00,0.00,MANASA GENERAL STORES,REPALLE,TOTALS
24-05-25,B,938,10.00,0.00,0.00,0.00,RAMAKRISHNA AGENCIES,GOLLAPROLU,TOTALS
24-05-25,B,938,10.00,0.00,0.00,0.00,RAMAKRISHNA AGENCIES,GOLLAPROLU,TOTALS
24-05-25,B,940,40.00,0.00,0.00,0.00,MAHALAXMI VASAVI DURGA TRADERS,PITHAPURAM,TOTALS
26-05-25,B,947,10.00,0.00,0.00,0.00,SRI LALITHA SUPER MARKET,MYLAVARAM,TOTALS
26-05-25,B,949,30.00,0.00,0.00,0.00,SRI BALAJI ENTERPRISES,VIJAYAWADA,TOTALS
26-05-25,B,951,10.00,0.00,0.00,0.00,HEMALATHA ENTERPRISES,VIJAYAWADA,TOTALS
26-05-25,B,953,10.00,0.00,0.00,0.00,SRI SRI PHANI RAGAVENDRA TRADERS,GUDIVADA,TOTALS
26-05-25,B,954,10.00,0.00,0.00,0.00,KALYANI TADERS,BHIMAVARAM,TOTALS
26-05-25,B,956,10.00,0.00,0.00,0.00,LAKSHMI VENKATESWARA DALLS&GENERAL MERCT,VIJAYAWADA,TOTALS
27-05-25,B,961,10.00,0.00,0.00,0.00,G S R KIRANA,TENALI,TOTALS
27-05-25,B,968,10.00,0.00,0.00,0.00,SRI PAVAN KUMAR GENERAL STORES,VIJAYAWADA,TOTALS
27-05-25,B,970,20.00,0.00,0.00,0.00,NAGARAJA KIRANA&GENERAL STORES,KAIKALURU,TOTALS
28-05-25,B,983,10.00,0.00,0.00,0.00,SAI TRADERS,VIJAYAWADA,TOTALS
28-05-25,B,984,20.00,0.00,0.00,0.00,SHIVA RAMAKRISHNANJANEYA TRADERS,NELLORE,TOTALS
28-05-25,B,977,15.00,0.00,0.00,0.00,SRI LAKSHMI VENKATESWARA GANAPATHI SAI TRADERS,VIJAYAWADA,TOTALS
28-05-25,B,979,10.00,0.00,0.00,0.00,LAKSHMI TRADERS .,VIJAYAWADA,TOTALS
29-05-25,B,986,40.00,0.00,0.00,0.00,NAGASAI TRADING COMPANY,GUDIVADA,TOTALS
29-05-25,B,988,10.00,0.00,0.00,0.00,MANASA GENERAL STORES,REPALLE,1290.00
WHEAT,02-05-25,B,571,5.00,7500.00,0.00,0.00,M/S.YAKKALA VENKATA SUBBA RAO & CO,GUNTUR
02-05-25,B,581,8.00,0.00,0.00,0.00,SRIHAN TRADERS,AMALAPURAM,TOTALS
03-05-25,B,594,5.00,0.00,0.00,0.00, SRI ANJANEYA TRADERS,CHIRALA,TOTALS
03-05-25,B,596,2.00,0.00,0.00,0.00,P MART,CHIRALA,TOTALS
03-05-25,B,601,15.00,0.00,0.00,0.00,M/S.YAKKALA VENKATA SUBBA RAO & CO,GUNTUR,TOTALS
05-05-25,B,622,8.00,0.00,0.00,0.00,CHANDALURU BAPANAIAH NEW FIRM,VIJAYAWADA,TOTALS
06-05-25,B,635,5.00,0.00,0.00,0.00,M/S.YAKKALA VENKATA SUBBA RAO & CO,GUNTUR,TOTALS
08-05-25,B,647,5.00,0.00,0.00,0.00,M/S.YAKKALA VENKATA SUBBA RAO & CO,GUNTUR,TOTALS
09-05-25,B,687,9.00,0.00,0.00,0.00,OM VENKATESWARA GENERAL MERCHANTS,AMALAPURAM,TOTALS
09-05-25,B,687,7.00,0.00,0.00,0.00,OM VENKATESWARA GENERAL MERCHANTS,AMALAPURAM,TOTALS
10-05-25,B,696,15.00,0.00,0.00,0.00,M L S BALU,GUNTUR,TOTALS
10-05-25,B,697,13.00,0.00,0.00,0.00,NUTHAN,GUNTUR,TOTALS
12-05-25,B,727,2.00,0.00,0.00,0.00,CHAMUNDA STANIORY GENERAL STORES,NELLORE,TOTALS
13-05-25,B,743,15.00,0.00,0.00,0.00,M/S.YAKKALA VENKATA SUBBA RAO & CO,GUNTUR,TOTALS
14-05-25,B,754,5.00,0.00,0.00,0.00,M/S.YAKKALA VENKATA SUBBA RAO & CO,GUNTUR,TOTALS
14-05-25,B,763,20.00,0.00,0.00,0.00,GRANDHI MANIKYALA RAO ENTERPRISES,TADEPALLIGUDEM,TOTALS
16-05-25,B,785,10.00,0.00,0.00,0.00,LAKSHMI GANAPATHI TRADERA KAVALI,KAVALI,TOTALS
19-05-25,B,809,10.00,0.00,0.00,0.00,BHASKARNI ADHISESAIAH AND CO,TENALI,TOTALS
19-05-25,B,815,10.00,0.00,0.00,0.00,M/S.YAKKALA VENKATA SUBBA RAO & CO,GUNTUR,TOTALS
20-05-25,B,827,6.00,0.00,0.00,0.00,BHASKARNI ADHISESAIAH AND CO,TENALI,TOTALS
21-05-25,B,860,2.00,0.00,0.00,0.00,P MART,CHIRALA,TOTALS
21-05-25,B,861,5.00,0.00,0.00,0.00, SRI ANJANEYA TRADERS,CHIRALA,TOTALS
21-05-25,B,876,5.00,0.00,0.00,0.00,SRI BAGAVAN GENRAL STORES,HANUMAN JUNCTIN,TOTALS
22-05-25,B,881,20.00,0.00,0.00,0.00,M L S BALU,GUNTUR,TOTALS
22-05-25,B,882,15.00,0.00,0.00,0.00,M KIRAN BABU,GUNTUR,TOTALS
22-05-25,B,883,15.00,0.00,0.00,0.00,M NARAYANA GARU,GUNTUR,TOTALS
22-05-25,B,886,5.00,0.00,0.00,0.00,M/S.YAKKALA VENKATA SUBBA RAO & CO,GUNTUR,TOTALS
23-05-25,B,900,6.00,0.00,0.00,0.00,G S R KIRANA,TENALI,TOTALS
23-05-25,B,923,20.00,0.00,0.00,0.00,MANDAVALLI VEERAJU AND SONS,KAKINADA,TOTALS
26-05-25,B,945,10.00,0.00,0.00,0.00,M/S.YAKKALA VENKATA SUBBA RAO & CO,GUNTUR,TOTALS
27-05-25,B,963,5.00,0.00,0.00,0.00,RAMESH GARU,VIJAYAWADA,TOTALS
28-05-25,B,973,10.00,0.00,0.00,0.00,PAVAN KUMAR GARU,VIJAYAWADA,293.00
WHEAT 30 KGS,13-05-25,B,750,2.00,2220.00,0.00,0.00,RUKMANI,VIJAYAWADA
21-05-25,B,849,10.00,0.00,0.00,0.00,M/S.YAKKALA VENKATA SUBBA RAO & CO,GUNTUR,TOTALS
21-05-25,B,866,1.00,0.00,0.00,0.00,LALITH KUMAR GARU,KOTHAGUDEM,13.00
